{"_type":"export","__export_format":4,"__export_date":"2023-07-19T12:54:45.978Z","__export_source":"insomnia.desktop.app:v2023.4.0","resources":[{"_id":"req_ed97438e107c453585f2c199a0f552f0","parentId":"fld_31001d41cbb44306932ff0074792c02e","modified":1689613072141,"created":1689613072141,"url":"{{ _.baseUrl }}/products","name":"Sucesso - Criando produto alimentício","description":"# Descrição\n\n* O status code esperado: <span style='color: green'>201 CREATED</span>.\n* Retorno da requisição:\n\n```json\n{\n\t\"id\": 1,\n\t\"name\": \"Queijo\",\n\t\"price\": 10,\n\t\"weight\": 30,\n\t\"calories\": 300,\n\t\"section\": \"food\",\n\t\"expirationDate\": \"2023-07-17T16:32:03.149Z\"\n}\n```","method":"POST","body":{"mimeType":"application/json","text":"{\n\t\"name\": \"Queijo\",\n\t\"price\": 10,\n\t\"weight\": 30,\n\t\"calories\": 300,\n\t\"section\": \"food\"\n}"},"parameters":[],"headers":[{"name":"Content-Type","value":"application/json"}],"authentication":{},"metaSortKey":-1679195224700.875,"isPrivate":false,"settingStoreCookies":true,"settingSendCookies":true,"settingDisableRenderRequestBody":false,"settingEncodeUrl":true,"settingRebuildPath":true,"settingFollowRedirects":"global","_type":"request"},{"_id":"fld_31001d41cbb44306932ff0074792c02e","parentId":"fld_00926f2cc5044665a963737df174e73e","modified":1689613072139,"created":1689613072139,"name":"Criação","description":"","environment":{},"environmentPropertyOrder":null,"metaSortKey":-1679456547696,"_type":"request_group"},{"_id":"fld_00926f2cc5044665a963737df174e73e","parentId":"wrk_2d39fa7fab2f47ddbf86f29877911e66","modified":1689613073996,"created":1689613072137,"name":"Rotas para DEBUG","description":"","environment":{},"environmentPropertyOrder":null,"metaSortKey":-1679545244291.9492,"_type":"request_group"},{"_id":"wrk_2d39fa7fab2f47ddbf86f29877911e66","parentId":null,"modified":1689771158327,"created":1689771158327,"name":"market_workspace","description":"","scope":"design","_type":"workspace"},{"_id":"req_fc134421a6ee4e3ca06e9e8bffcd48fa","parentId":"fld_31001d41cbb44306932ff0074792c02e","modified":1689613072145,"created":1689613072145,"url":"{{ _.baseUrl }}/products","name":"Sucesso - Criando produto de limpeza","description":"# Descrição\n\n* O status code esperado: <span style='color: green'>201 CREATED</span>.\n* Retorno da requisição:\n\n```json\n{\n\t\"id\": 2,\n\t\"name\": \"Detergente\",\n\t\"price\": 10,\n\t\"weight\": 1000,\n\t\"section\": \"cleaning\",\n\t\"expirationDate\": \"2023-07-17T16:07:49.747Z\"\n}\n```","method":"POST","body":{"mimeType":"application/json","text":"{\n\t\"name\": \"Detergente\",\n\t\"price\": 10,\n\t\"weight\": 1000,\n\t\"section\": \"cleaning\"\n}"},"parameters":[],"headers":[{"name":"Content-Type","value":"application/json"}],"authentication":{},"metaSortKey":-1678612228257.6875,"isPrivate":false,"settingStoreCookies":true,"settingSendCookies":true,"settingDisableRenderRequestBody":false,"settingEncodeUrl":true,"settingRebuildPath":true,"settingFollowRedirects":"global","_type":"request"},{"_id":"req_f4399471ed2d49baaef7dad7691e3901","parentId":"fld_31001d41cbb44306932ff0074792c02e","modified":1689613148074,"created":1689613072148,"url":"{{ _.baseUrl }}/products","name":"Falha - Criando produto com nome já registrado","description":"# Descrição\n\n* O objeto **não** deve ser criado no banco de dados.\n* O status code esperado: <span style='color: orange'>409 CONFLICT</span>.\n* Retorno da requisição:\n\n```json\n{\n\t\"message\": \"Product already registered.\"\n}\n```","method":"POST","body":{"mimeType":"application/json","text":"{\n\t\"name\": \"Queijo\",\n\t\"price\": 15,\n\t\"weight\": 20,\n\t\"calories\": 300,\n\t\"section\": \"food\"\n}"},"parameters":[],"headers":[{"name":"Content-Type","value":"application/json"}],"authentication":{},"metaSortKey":-1678320729986.0938,"isPrivate":false,"settingStoreCookies":true,"settingSendCookies":true,"settingDisableRenderRequestBody":false,"settingEncodeUrl":true,"settingRebuildPath":true,"settingFollowRedirects":"global","_type":"request"},{"_id":"req_02693e1485cd4a8487ac395d5d305e79","parentId":"fld_b02d8027d0984fa3adf6dc7c6507e9d6","modified":1689613072156,"created":1689613072156,"url":"{{ _.baseUrl }}/products","name":"Sucesso - Listando todos os produtos","description":"# Descrição\n\n* O retorno deve ser um objeto contendo duas chaves: **total e products**.\n* O status code esperado: <span style='color: green'>200 OK</span>.\n* Retorno da requisição:\n\n```json\n{\n\t\"total\": 20,\n\t\"products\": [\n\t\t{\n\t\t\t\"id\": 1,\n\t\t\t\"name\": \"Queijo\",\n\t\t\t\"price\": 10,\n\t\t\t\"weight\": 30,\n\t\t\t\"calories\": 300,\n\t\t\t\"section\": \"food\",\n\t\t\t\"expirationDate\": \"2023-07-17T16:44:46.957Z\"\n\t\t},\n\t\t{\n\t\t\t\"id\": 2,\n\t\t\t\"name\": \"Detergente\",\n\t\t\t\"price\": 10,\n\t\t\t\"weight\": 1000,\n\t\t\t\"section\": \"cleaning\",\n\t\t\t\"expirationDate\": \"2023-07-17T16:44:50.688Z\"\n\t\t}\n\t]\n}\n```","method":"GET","body":{},"parameters":[],"headers":[],"authentication":{},"metaSortKey":-1678029231814.5,"isPrivate":false,"settingStoreCookies":true,"settingSendCookies":true,"settingDisableRenderRequestBody":false,"settingEncodeUrl":true,"settingRebuildPath":true,"settingFollowRedirects":"global","_type":"request"},{"_id":"fld_b02d8027d0984fa3adf6dc7c6507e9d6","parentId":"fld_00926f2cc5044665a963737df174e73e","modified":1689613072154,"created":1689613072154,"name":"Listagem","description":"","environment":{},"environmentPropertyOrder":null,"metaSortKey":-1679456547646,"_type":"request_group"},{"_id":"req_e6c0d0950f2a48e786c015d6f9608f1f","parentId":"fld_b02d8027d0984fa3adf6dc7c6507e9d6","modified":1689613072159,"created":1689613072159,"url":"{{ _.baseUrl }}/products/1","name":"Sucesso - Listando um produto alimentício pelo id","description":"# Descrição\n\n* O status code esperado: <span style='color: green'>200 OK</span>.\n* Retorno da requisição:\n\n```json\n{\n\t\"id\": 1,\n\t\"name\": \"Queijo\",\n\t\"price\": 10,\n\t\"weight\": 30,\n\t\"calories\": 300,\n\t\"section\": \"food\",\n\t\"expirationDate\": \"2023-07-17T16:44:46.957Z\"\n}\n```","method":"GET","body":{},"parameters":[],"headers":[],"authentication":{},"metaSortKey":-1677970112086.9375,"isPrivate":false,"settingStoreCookies":true,"settingSendCookies":true,"settingDisableRenderRequestBody":false,"settingEncodeUrl":true,"settingRebuildPath":true,"settingFollowRedirects":"global","_type":"request"},{"_id":"req_89d5669a873b4137865d0d363dad8461","parentId":"fld_b02d8027d0984fa3adf6dc7c6507e9d6","modified":1689613072162,"created":1689613072162,"url":"{{ _.baseUrl }}/products/2","name":"Sucesso - Listando um produto de limpeza pelo id","description":"# Descrição\n\n* O status code esperado: <span style='color: green'>200 OK</span>.\n* Retorno da requisição:\n\n```json\n{\n\t\"id\": 2,\n\t\"name\": \"Detergente\",\n\t\"price\": 10,\n\t\"weight\": 1000,\n\t\"section\": \"cleaning\",\n\t\"expirationDate\": \"2023-07-17T16:07:49.747Z\"\n}\n```","method":"GET","body":{},"parameters":[],"headers":[],"authentication":{},"metaSortKey":-1677940552223.1562,"isPrivate":false,"settingStoreCookies":true,"settingSendCookies":true,"settingDisableRenderRequestBody":false,"settingEncodeUrl":true,"settingRebuildPath":true,"settingFollowRedirects":"global","_type":"request"},{"_id":"req_84530235244045ce91b0b3eb90382ab2","parentId":"fld_b02d8027d0984fa3adf6dc7c6507e9d6","modified":1689613072166,"created":1689613072166,"url":"{{ _.baseUrl }}/products/9999","name":"Falha - Listando um produto com um id inexistente","description":"# Descrição\n\n* O status code esperado: <span style='color: orange'>404 NOT FOUND</span>.\n* Retorno da requisição:\n\n```json\n{\n\t\"message\": \"Product not found.\"\n}\n```","method":"GET","body":{},"parameters":[],"headers":[],"authentication":{},"metaSortKey":-1677940552198.1562,"isPrivate":false,"settingStoreCookies":true,"settingSendCookies":true,"settingDisableRenderRequestBody":false,"settingEncodeUrl":true,"settingRebuildPath":true,"settingFollowRedirects":"global","_type":"request"},{"_id":"req_99c2a3d52b91403dac2b4a63741b60c7","parentId":"fld_00438df29fa74d9bbf749c99ff9222a0","modified":1689613072187,"created":1689613072187,"url":"{{ _.baseUrl }}/products/1","name":"Sucesso - Atualizando um produto alimentício","description":"# Descrição\n\n* O status code esperado: <span style='color: green'>200 OK</span>.\n* Retorno da requisição:\n\n```json\n{\n\t\"id\": 1,\n\t\"name\": \"Queijo Prato\",\n\t\"price\": 220,\n\t\"weight\": 330,\n\t\"calories\": 4300,\n\t\"section\": \"food\",\n\t\"expirationDate\": \"2023-07-17T16:44:46.957Z\"\n}\n```","method":"PATCH","body":{"mimeType":"application/json","text":"{\n\t\"name\": \"Queijo Prato\",\n\t\"price\": 220,\n\t\"weight\": 330,\n\t\"calories\": 4300\n}"},"parameters":[],"headers":[{"name":"Content-Type","value":"application/json"}],"authentication":{},"metaSortKey":-1679404753276,"isPrivate":false,"settingStoreCookies":true,"settingSendCookies":true,"settingDisableRenderRequestBody":false,"settingEncodeUrl":true,"settingRebuildPath":true,"settingFollowRedirects":"global","_type":"request"},{"_id":"fld_00438df29fa74d9bbf749c99ff9222a0","parentId":"fld_00926f2cc5044665a963737df174e73e","modified":1689613072186,"created":1689613072186,"name":"Atualização","description":"","environment":{},"environmentPropertyOrder":null,"metaSortKey":-1679456547596,"_type":"request_group"},{"_id":"req_888f71b206b74c1b8e13ceb92fabd779","parentId":"fld_00438df29fa74d9bbf749c99ff9222a0","modified":1689613072191,"created":1689613072191,"url":"{{ _.baseUrl }}/products/2","name":"Sucesso - Atualizando um produto de limpeza","description":"# Descrição\n\n* O status code esperado: <span style='color: green'>200 OK</span>.\n* Retorno da requisição:\n\n```json\n{\n\t\"id\": 2,\n\t\"name\": \"Detergente Neutro\",\n\t\"price\": 10,\n\t\"weight\": 1000,\n\t\"section\": \"cleaning\",\n\t\"expirationDate\": \"2023-07-17T16:07:49.747Z\"\n}\n```","method":"PATCH","body":{"mimeType":"application/json","text":"{\n\t\"name\": \"Detergente Neutro\"\n}"},"parameters":[],"headers":[{"name":"Content-Type","value":"application/json"}],"authentication":{},"metaSortKey":-1679299988988.4375,"isPrivate":false,"settingStoreCookies":true,"settingSendCookies":true,"settingDisableRenderRequestBody":false,"settingEncodeUrl":true,"settingRebuildPath":true,"settingFollowRedirects":"global","_type":"request"},{"_id":"req_121679e08c5247f7b0ab0fc9714ff6e5","parentId":"fld_00438df29fa74d9bbf749c99ff9222a0","modified":1689613072194,"created":1689613072194,"url":"{{ _.baseUrl }}/products/9999","name":"Falha - Atualizando um produto com um id inexistente","description":"# Descrição\n\n* O status code esperado: <span style='color: orange'>404 NOT FOUND</span>.\n* Retorno da requisição:\n\n```json\n{\n\t\"message\": \"Product not found.\"\n}\n```","method":"PATCH","body":{"mimeType":"application/json","text":"{\n\t\"price\": 450\n}"},"parameters":[],"headers":[{"name":"Content-Type","value":"application/json"}],"authentication":{},"metaSortKey":-1679299988888.4375,"isPrivate":false,"settingStoreCookies":true,"settingSendCookies":true,"settingDisableRenderRequestBody":false,"settingEncodeUrl":true,"settingRebuildPath":true,"settingFollowRedirects":"global","_type":"request"},{"_id":"req_430d8ab44a044835a690c96aeae9c2d5","parentId":"fld_00438df29fa74d9bbf749c99ff9222a0","modified":1689613072198,"created":1689613072198,"url":"{{ _.baseUrl }}/products/1","name":"Falha - Atualizando um produto com nome já registrado","description":"# Descrição\n\n* O objeto **não** deve ser atualizado no banco de dados.\n* O status code esperado: <span style='color: orange'>409 CONFLICT</span>.\n* Retorno da requisição:\n\n```json\n{\n\t\"message\": \"Product already registered.\"\n}\n```","method":"PATCH","body":{"mimeType":"application/json","text":"{\n\t\"name\": \"Queijo Prato\",\n\t\"price\": 15\n}"},"parameters":[],"headers":[{"name":"Content-Type","value":"application/json"}],"authentication":{},"metaSortKey":-1679299988838.4375,"isPrivate":false,"settingStoreCookies":true,"settingSendCookies":true,"settingDisableRenderRequestBody":false,"settingEncodeUrl":true,"settingRebuildPath":true,"settingFollowRedirects":"global","_type":"request"},{"_id":"req_93d8b1064c6d41a58d463682ce6106a7","parentId":"fld_f0687dbbf241414a914b138448266162","modified":1689613072177,"created":1689613072177,"url":"{{ _.baseUrl }}/products/1","name":"Sucesso - Deletando produto","description":"# Descrição\n\n* O objeto deve ser deletado no banco de dados.\n* O status code esperado: <span style='color: green'>204 NO CONTENT</span>.\n* Não deve ter retorno.","method":"DELETE","body":{},"parameters":[{"id":"pair_d13007040f6649f091fdb42a4731c14a","name":"","value":"","description":""}],"headers":[],"authentication":{},"metaSortKey":-1677910992359.375,"isPrivate":false,"settingStoreCookies":true,"settingSendCookies":true,"settingDisableRenderRequestBody":false,"settingEncodeUrl":true,"settingRebuildPath":true,"settingFollowRedirects":"global","_type":"request"},{"_id":"fld_f0687dbbf241414a914b138448266162","parentId":"fld_00926f2cc5044665a963737df174e73e","modified":1689613072171,"created":1689613072171,"name":"Deleção","description":"","environment":{},"environmentPropertyOrder":null,"metaSortKey":-1679456547546,"_type":"request_group"},{"_id":"req_77d5483b6e77458a931ea00dff48daa2","parentId":"fld_f0687dbbf241414a914b138448266162","modified":1689613072181,"created":1689613072181,"url":"{{ _.baseUrl }}/products/1","name":"Falha - Deletando produto que já foi deletado","description":"# Descrição\n\n* O status code esperado: <span style='color: orange'>404 NOT FOUND</span>.\n* Retorno da requisição:\n\n```json\n{\n\t\"message\": \"Product not found.\"\n}\n```","method":"DELETE","body":{},"parameters":[{"id":"pair_d13007040f6649f091fdb42a4731c14a","name":"","value":"","description":""}],"headers":[],"authentication":{},"metaSortKey":-1677910992334.375,"isPrivate":false,"settingStoreCookies":true,"settingSendCookies":true,"settingDisableRenderRequestBody":false,"settingEncodeUrl":true,"settingRebuildPath":true,"settingFollowRedirects":"global","_type":"request"},{"_id":"req_779eccd70a3644f2b97f20ea68877e83","parentId":"fld_f0687dbbf241414a914b138448266162","modified":1689613072174,"created":1689613072174,"url":"{{ _.baseUrl }}/products/9999","name":"Falha - Deletando produto com id inexistente","description":"# Descrição\n\n* O status code esperado: <span style='color: orange'>404 NOT FOUND</span>.\n* Retorno da requisição:\n\n```json\n{\n\t\"message\": \"Product not found.\"\n}\n```","method":"DELETE","body":{},"parameters":[{"id":"pair_d13007040f6649f091fdb42a4731c14a","name":"","value":"","description":""}],"headers":[],"authentication":{},"metaSortKey":-1677910992309.375,"isPrivate":false,"settingStoreCookies":true,"settingSendCookies":true,"settingDisableRenderRequestBody":false,"settingEncodeUrl":true,"settingRebuildPath":true,"settingFollowRedirects":"global","_type":"request"},{"_id":"req_322dd3fb399c4de184f66cba50b41cc1","parentId":"fld_dcd65ffc4416404d9a7a11494fbbaf89","modified":1689612169895,"created":1678508947247,"url":"{{ _.baseUrl }}/products","name":"Sucesso - Criando produto alimentício","description":"# Descrição\n\n* O status code esperado: <span style='color: green'>201 CREATED</span>.\n* Retorno da requisição:\n\n```json\n{\n\t\"id\": 1,\n\t\"name\": \"Queijo\",\n\t\"price\": 10,\n\t\"weight\": 30,\n\t\"calories\": 300,\n\t\"section\": \"food\",\n\t\"expirationDate\": \"2023-07-17T16:32:03.149Z\"\n}\n```","method":"POST","body":{"mimeType":"application/json","text":"{\n\t\"name\": \"Queijo\",\n\t\"price\": 10,\n\t\"weight\": 30,\n\t\"calories\": 300,\n\t\"section\": \"food\"\n}"},"parameters":[],"headers":[{"name":"Content-Type","value":"application/json"}],"authentication":{},"metaSortKey":-1679195224700.875,"isPrivate":false,"settingStoreCookies":true,"settingSendCookies":true,"settingDisableRenderRequestBody":false,"settingEncodeUrl":true,"settingRebuildPath":true,"settingFollowRedirects":"global","_type":"request"},{"_id":"fld_dcd65ffc4416404d9a7a11494fbbaf89","parentId":"fld_1a64e641b12d457d9061d4beb9b746e8","modified":1679573825687,"created":1679339273317,"name":"Criação","description":"","environment":{},"environmentPropertyOrder":null,"metaSortKey":-1679456547696,"_type":"request_group"},{"_id":"fld_1a64e641b12d457d9061d4beb9b746e8","parentId":"wrk_2d39fa7fab2f47ddbf86f29877911e66","modified":1689613075286,"created":1679573822075,"name":"Rotas para Testes - NÃO ALTERAR","description":"","environment":{},"environmentPropertyOrder":null,"metaSortKey":-1679545244241.9492,"_type":"request_group"},{"_id":"req_a8de443d3c054de19ae49c1d203c1625","parentId":"fld_dcd65ffc4416404d9a7a11494fbbaf89","modified":1689612183021,"created":1679339356444,"url":"{{ _.baseUrl }}/products","name":"Sucesso - Criando produto de limpeza","description":"# Descrição\n\n* O status code esperado: <span style='color: green'>201 CREATED</span>.\n* Retorno da requisição:\n\n```json\n{\n\t\"id\": 2,\n\t\"name\": \"Detergente\",\n\t\"price\": 10,\n\t\"weight\": 1000,\n\t\"section\": \"cleaning\",\n\t\"expirationDate\": \"2023-07-17T16:07:49.747Z\"\n}\n```","method":"POST","body":{"mimeType":"application/json","text":"{\n\t\"name\": \"Detergente\",\n\t\"price\": 10,\n\t\"weight\": 1000,\n\t\"section\": \"cleaning\"\n}"},"parameters":[],"headers":[{"name":"Content-Type","value":"application/json"}],"authentication":{},"metaSortKey":-1678612228257.6875,"isPrivate":false,"settingStoreCookies":true,"settingSendCookies":true,"settingDisableRenderRequestBody":false,"settingEncodeUrl":true,"settingRebuildPath":true,"settingFollowRedirects":"global","_type":"request"},{"_id":"req_108ac9aa89d8457bb1efd984333fadc7","parentId":"fld_dcd65ffc4416404d9a7a11494fbbaf89","modified":1689613173981,"created":1679409250590,"url":"{{ _.baseUrl }}/products","name":"Falha - Criando produto com nome já registrado","description":"# Descrição\n\n* O objeto **não** deve ser criado no banco de dados.\n* O status code esperado: <span style='color: orange'>409 CONFLICT</span>.\n* Retorno da requisição:\n\n```json\n{\n\t\"message\": \"Product already registered.\"\n}\n```","method":"POST","body":{"mimeType":"application/json","text":"{\n\t\"name\": \"Queijo\",\n\t\"price\": 15,\n\t\"weight\": 20,\n\t\"calories\": 300,\n\t\"section\": \"food\"\n}"},"parameters":[],"headers":[{"name":"Content-Type","value":"application/json"}],"authentication":{},"metaSortKey":-1678320729986.0938,"isPrivate":false,"settingStoreCookies":true,"settingSendCookies":true,"settingDisableRenderRequestBody":false,"settingEncodeUrl":true,"settingRebuildPath":true,"settingFollowRedirects":"global","_type":"request"},{"_id":"req_cedfb14d001b49efaf4b0a9dfaa892a4","parentId":"fld_7ea0c0cffb734d8dbccaa3eaeb0bb9c5","modified":1689612852807,"created":1678508967095,"url":"{{ _.baseUrl }}/products","name":"Sucesso - Listando todos os produtos","description":"# Descrição\n\n* O retorno deve ser um objeto contendo duas chaves: **total e products**.\n* O status code esperado: <span style='color: green'>200 OK</span>.\n* Retorno da requisição:\n\n```json\n{\n\t\"total\": 20,\n\t\"products\": [\n\t\t{\n\t\t\t\"id\": 1,\n\t\t\t\"name\": \"Queijo\",\n\t\t\t\"price\": 10,\n\t\t\t\"weight\": 30,\n\t\t\t\"calories\": 300,\n\t\t\t\"section\": \"food\",\n\t\t\t\"expirationDate\": \"2023-07-17T16:44:46.957Z\"\n\t\t},\n\t\t{\n\t\t\t\"id\": 2,\n\t\t\t\"name\": \"Detergente\",\n\t\t\t\"price\": 10,\n\t\t\t\"weight\": 1000,\n\t\t\t\"section\": \"cleaning\",\n\t\t\t\"expirationDate\": \"2023-07-17T16:44:50.688Z\"\n\t\t}\n\t]\n}\n```","method":"GET","body":{},"parameters":[],"headers":[],"authentication":{},"metaSortKey":-1678029231814.5,"isPrivate":false,"settingStoreCookies":true,"settingSendCookies":true,"settingDisableRenderRequestBody":false,"settingEncodeUrl":true,"settingRebuildPath":true,"settingFollowRedirects":"global","_type":"request"},{"_id":"fld_7ea0c0cffb734d8dbccaa3eaeb0bb9c5","parentId":"fld_1a64e641b12d457d9061d4beb9b746e8","modified":1679573827233,"created":1679339484283,"name":"Listagem","description":"","environment":{},"environmentPropertyOrder":null,"metaSortKey":-1679456547646,"_type":"request_group"},{"_id":"req_7066fc7daae1433b98d008031f552e73","parentId":"fld_7ea0c0cffb734d8dbccaa3eaeb0bb9c5","modified":1689612451037,"created":1679403739668,"url":"{{ _.baseUrl }}/products/1","name":"Sucesso - Listando um produto alimentício pelo id","description":"# Descrição\n\n* O status code esperado: <span style='color: green'>200 OK</span>.\n* Retorno da requisição:\n\n```json\n{\n\t\"id\": 1,\n\t\"name\": \"Queijo\",\n\t\"price\": 10,\n\t\"weight\": 30,\n\t\"calories\": 300,\n\t\"section\": \"food\",\n\t\"expirationDate\": \"2023-07-17T16:44:46.957Z\"\n}\n```","method":"GET","body":{},"parameters":[],"headers":[],"authentication":{},"metaSortKey":-1677970112086.9375,"isPrivate":false,"settingStoreCookies":true,"settingSendCookies":true,"settingDisableRenderRequestBody":false,"settingEncodeUrl":true,"settingRebuildPath":true,"settingFollowRedirects":"global","_type":"request"},{"_id":"req_66e7200b8f844251a98640e63961f5b6","parentId":"fld_7ea0c0cffb734d8dbccaa3eaeb0bb9c5","modified":1689612471700,"created":1679406964518,"url":"{{ _.baseUrl }}/products/2","name":"Sucesso - Listando um produto de limpeza pelo id","description":"# Descrição\n\n* O status code esperado: <span style='color: green'>200 OK</span>.\n* Retorno da requisição:\n\n```json\n{\n\t\"id\": 2,\n\t\"name\": \"Detergente\",\n\t\"price\": 10,\n\t\"weight\": 1000,\n\t\"section\": \"cleaning\",\n\t\"expirationDate\": \"2023-07-17T16:07:49.747Z\"\n}\n```","method":"GET","body":{},"parameters":[],"headers":[],"authentication":{},"metaSortKey":-1677940552223.1562,"isPrivate":false,"settingStoreCookies":true,"settingSendCookies":true,"settingDisableRenderRequestBody":false,"settingEncodeUrl":true,"settingRebuildPath":true,"settingFollowRedirects":"global","_type":"request"},{"_id":"req_e6385eb96a894a6dbb8602f452f3ba03","parentId":"fld_7ea0c0cffb734d8dbccaa3eaeb0bb9c5","modified":1689612518064,"created":1679407648178,"url":"{{ _.baseUrl }}/products/9999","name":"Falha - Listando um produto com um id inexistente","description":"# Descrição\n\n* O status code esperado: <span style='color: orange'>404 NOT FOUND</span>.\n* Retorno da requisição:\n\n```json\n{\n\t\"message\": \"Product not found.\"\n}\n```","method":"GET","body":{},"parameters":[],"headers":[],"authentication":{},"metaSortKey":-1677940552198.1562,"isPrivate":false,"settingStoreCookies":true,"settingSendCookies":true,"settingDisableRenderRequestBody":false,"settingEncodeUrl":true,"settingRebuildPath":true,"settingFollowRedirects":"global","_type":"request"},{"_id":"req_7e84f9a9944c41d1a2e8b0c92bb567a0","parentId":"fld_87dfee4647364b91a11f4a889ceaef66","modified":1689612550328,"created":1679404776257,"url":"{{ _.baseUrl }}/products/1","name":"Sucesso - Atualizando um produto alimentício","description":"# Descrição\n\n* O status code esperado: <span style='color: green'>200 OK</span>.\n* Retorno da requisição:\n\n```json\n{\n\t\"id\": 1,\n\t\"name\": \"Queijo Prato\",\n\t\"price\": 220,\n\t\"weight\": 330,\n\t\"calories\": 4300,\n\t\"section\": \"food\",\n\t\"expirationDate\": \"2023-07-17T16:44:46.957Z\"\n}\n```","method":"PATCH","body":{"mimeType":"application/json","text":"{\n\t\"name\": \"Queijo Prato\",\n\t\"price\": 220,\n\t\"weight\": 330,\n\t\"calories\": 4300\n}"},"parameters":[],"headers":[{"name":"Content-Type","value":"application/json"}],"authentication":{},"metaSortKey":-1679404753276,"isPrivate":false,"settingStoreCookies":true,"settingSendCookies":true,"settingDisableRenderRequestBody":false,"settingEncodeUrl":true,"settingRebuildPath":true,"settingFollowRedirects":"global","_type":"request"},{"_id":"fld_87dfee4647364b91a11f4a889ceaef66","parentId":"fld_1a64e641b12d457d9061d4beb9b746e8","modified":1679573828772,"created":1679404722912,"name":"Atualização","description":"","environment":{},"environmentPropertyOrder":null,"metaSortKey":-1679456547596,"_type":"request_group"},{"_id":"req_18308721a6594ccebfa53c18a922aa04","parentId":"fld_87dfee4647364b91a11f4a889ceaef66","modified":1689612565002,"created":1679406651135,"url":"{{ _.baseUrl }}/products/2","name":"Sucesso - Atualizando um produto de limpeza","description":"# Descrição\n\n* O status code esperado: <span style='color: green'>200 OK</span>.\n* Retorno da requisição:\n\n```json\n{\n\t\"id\": 2,\n\t\"name\": \"Detergente Neutro\",\n\t\"price\": 10,\n\t\"weight\": 1000,\n\t\"section\": \"cleaning\",\n\t\"expirationDate\": \"2023-07-17T16:07:49.747Z\"\n}\n```","method":"PATCH","body":{"mimeType":"application/json","text":"{\n\t\"name\": \"Detergente Neutro\"\n}"},"parameters":[],"headers":[{"name":"Content-Type","value":"application/json"}],"authentication":{},"metaSortKey":-1679299988988.4375,"isPrivate":false,"settingStoreCookies":true,"settingSendCookies":true,"settingDisableRenderRequestBody":false,"settingEncodeUrl":true,"settingRebuildPath":true,"settingFollowRedirects":"global","_type":"request"},{"_id":"req_1831b1d5070744988455bd4a5fe5aa97","parentId":"fld_87dfee4647364b91a11f4a889ceaef66","modified":1689612588176,"created":1679407508123,"url":"{{ _.baseUrl }}/products/9999","name":"Falha - Atualizando um produto com um id inexistente","description":"# Descrição\n\n* O status code esperado: <span style='color: orange'>404 NOT FOUND</span>.\n* Retorno da requisição:\n\n```json\n{\n\t\"message\": \"Product not found.\"\n}\n```","method":"PATCH","body":{"mimeType":"application/json","text":"{\n\t\"price\": 450\n}"},"parameters":[],"headers":[{"name":"Content-Type","value":"application/json"}],"authentication":{},"metaSortKey":-1679299988888.4375,"isPrivate":false,"settingStoreCookies":true,"settingSendCookies":true,"settingDisableRenderRequestBody":false,"settingEncodeUrl":true,"settingRebuildPath":true,"settingFollowRedirects":"global","_type":"request"},{"_id":"req_7d8ebc015c6e44c6b63c6d6d88916d98","parentId":"fld_87dfee4647364b91a11f4a889ceaef66","modified":1689612622355,"created":1679409452136,"url":"{{ _.baseUrl }}/products/1","name":"Falha - Atualizando um produto com nome já registrado","description":"# Descrição\n\n* O objeto **não** deve ser atualizado no banco de dados.\n* O status code esperado: <span style='color: orange'>409 CONFLICT</span>.\n* Retorno da requisição:\n\n```json\n{\n\t\"message\": \"Product already registered.\"\n}\n```","method":"PATCH","body":{"mimeType":"application/json","text":"{\n\t\"name\": \"Queijo Prato\",\n\t\"price\": 15\n}"},"parameters":[],"headers":[{"name":"Content-Type","value":"application/json"}],"authentication":{},"metaSortKey":-1679299988838.4375,"isPrivate":false,"settingStoreCookies":true,"settingSendCookies":true,"settingDisableRenderRequestBody":false,"settingEncodeUrl":true,"settingRebuildPath":true,"settingFollowRedirects":"global","_type":"request"},{"_id":"req_932f8bd10a1d4e74a3c5d88895c2204d","parentId":"fld_11e78e051e1a400aa0da0ab1cb7b2294","modified":1689612724952,"created":1679339557119,"url":"{{ _.baseUrl }}/products/1","name":"Sucesso - Deletando produto","description":"# Descrição\n\n* O objeto deve ser deletado no banco de dados.\n* O status code esperado: <span style='color: green'>204 NO CONTENT</span>.\n* Não deve ter retorno.","method":"DELETE","body":{},"parameters":[{"id":"pair_d13007040f6649f091fdb42a4731c14a","name":"","value":"","description":""}],"headers":[],"authentication":{},"metaSortKey":-1677910992359.375,"isPrivate":false,"settingStoreCookies":true,"settingSendCookies":true,"settingDisableRenderRequestBody":false,"settingEncodeUrl":true,"settingRebuildPath":true,"settingFollowRedirects":"global","_type":"request"},{"_id":"fld_11e78e051e1a400aa0da0ab1cb7b2294","parentId":"fld_1a64e641b12d457d9061d4beb9b746e8","modified":1679573829933,"created":1679339505234,"name":"Deleção","description":"","environment":{},"environmentPropertyOrder":null,"metaSortKey":-1679456547546,"_type":"request_group"},{"_id":"req_285ef1ee894f4ef6b3d1688353c8450e","parentId":"fld_11e78e051e1a400aa0da0ab1cb7b2294","modified":1689612650593,"created":1679407972644,"url":"{{ _.baseUrl }}/products/1","name":"Falha - Deletando produto que já foi deletado","description":"# Descrição\n\n* O status code esperado: <span style='color: orange'>404 NOT FOUND</span>.\n* Retorno da requisição:\n\n```json\n{\n\t\"message\": \"Product not found.\"\n}\n```","method":"DELETE","body":{},"parameters":[{"id":"pair_d13007040f6649f091fdb42a4731c14a","name":"","value":"","description":""}],"headers":[],"authentication":{},"metaSortKey":-1677910992334.375,"isPrivate":false,"settingStoreCookies":true,"settingSendCookies":true,"settingDisableRenderRequestBody":false,"settingEncodeUrl":true,"settingRebuildPath":true,"settingFollowRedirects":"global","_type":"request"},{"_id":"req_8f9e323c6def4b6a983007008cdadca6","parentId":"fld_11e78e051e1a400aa0da0ab1cb7b2294","modified":1689612656598,"created":1679339086308,"url":"{{ _.baseUrl }}/products/9999","name":"Falha - Deletando produto com id inexistente","description":"# Descrição\n\n* O status code esperado: <span style='color: orange'>404 NOT FOUND</span>.\n* Retorno da requisição:\n\n```json\n{\n\t\"message\": \"Product not found.\"\n}\n```","method":"DELETE","body":{},"parameters":[{"id":"pair_d13007040f6649f091fdb42a4731c14a","name":"","value":"","description":""}],"headers":[],"authentication":{},"metaSortKey":-1677910992309.375,"isPrivate":false,"settingStoreCookies":true,"settingSendCookies":true,"settingDisableRenderRequestBody":false,"settingEncodeUrl":true,"settingRebuildPath":true,"settingFollowRedirects":"global","_type":"request"},{"_id":"env_529b1b01710b4711bd436de43dbbc84d","parentId":"wrk_2d39fa7fab2f47ddbf86f29877911e66","modified":1689607479034,"created":1678502183124,"name":"Base Environment","data":{"baseUrl":"http://localhost:3000"},"dataPropertyOrder":{"&":["baseUrl"]},"color":null,"isPrivate":false,"metaSortKey":1678502183124,"_type":"environment"},{"_id":"jar_420347fac3074edfbe97c65875c8b722","parentId":"wrk_2d39fa7fab2f47ddbf86f29877911e66","modified":1678502183126,"created":1678502183126,"name":"Default Jar","cookies":[],"_type":"cookie_jar"},{"_id":"spc_1eaec6d6149a421eb5a0fe32fff4efe6","parentId":"wrk_2d39fa7fab2f47ddbf86f29877911e66","modified":1689771158331,"created":1689771158330,"fileName":"market_workspace","contents":"","contentType":"yaml","_type":"api_spec"},{"_id":"uts_2ae717b5831b4452889a13956237e58d","parentId":"wrk_2d39fa7fab2f47ddbf86f29877911e66","modified":1679339743886,"created":1679339743886,"name":"Testes de Criação","_type":"unit_test_suite"},{"_id":"uts_b76a58bc006b4c6b88af229d1bb667b3","parentId":"wrk_2d39fa7fab2f47ddbf86f29877911e66","modified":1679415628014,"created":1679415628014,"name":"Testes de Listagem","_type":"unit_test_suite"},{"_id":"uts_b0359990692d44f4a763d4838f0063cc","parentId":"wrk_2d39fa7fab2f47ddbf86f29877911e66","modified":1679416153273,"created":1679416153273,"name":"Testes de Atualização","_type":"unit_test_suite"},{"_id":"uts_c23cf9dd33304d06b6d11a45a2f60aa5","parentId":"wrk_2d39fa7fab2f47ddbf86f29877911e66","modified":1679417757419,"created":1679417757419,"name":"Testes de Deleção","_type":"unit_test_suite"},{"_id":"uts_6d14e3364e3647b6a4691e0b4b3a6d4c","parentId":"wrk_2d39fa7fab2f47ddbf86f29877911e66","modified":1679419749340,"created":1679419749340,"name":"Todos os testes","_type":"unit_test_suite"},{"_id":"ut_99a66044b7bc401988288dd4b0d7f571","parentId":"uts_2ae717b5831b4452889a13956237e58d","modified":1689771179370,"created":1679339770874,"requestId":"req_322dd3fb399c4de184f66cba50b41cc1","name":"Sucesso - Criando produto alimentício","code":"const response = await insomnia.send()\nconst body = JSON.parse(response.data)\n\nexpect(response.status).to.equal(201)\nexpect(body).to.be.an('object')\nexpect(body).to.have.property('expirationDate').that.is.a('string').to.include('2024')\nexpect(body).to.have.property('name').that.is.a('string')\nexpect(body).to.have.property('price').that.is.a('number')\nexpect(body).to.have.property('weight').that.is.a('number')\nexpect(body).to.have.property('section').that.is.a('string')\nexpect(body).to.have.property('calories').that.is.a('number')\nexpect(body).to.have.property('id').that.is.a('number')","_type":"unit_test"},{"_id":"ut_d4704cdebebe4bc5a50a281a2faf32fb","parentId":"uts_2ae717b5831b4452889a13956237e58d","modified":1689771182703,"created":1679340578513,"requestId":"req_a8de443d3c054de19ae49c1d203c1625","name":"Sucesso - Criando produto de limpeza","code":"const response = await insomnia.send()\nconst body = JSON.parse(response.data)\n\nexpect(response.status).to.equal(201)\nexpect(body).to.be.an('object')\nexpect(body).to.have.property('expirationDate').that.is.a('string').to.include('2024')\nexpect(body).to.have.property('name').that.is.a('string')\nexpect(body).to.have.property('price').that.is.a('number')\nexpect(body).to.have.property('weight').that.is.a('number')\nexpect(body).to.have.property('section').that.is.a('string')\nexpect(body).to.not.have.property('calories').that.is.a('number')\nexpect(body).to.have.property('id').that.is.a('number')\n","_type":"unit_test"},{"_id":"ut_0c7c80422e11407db7538abafebd04bd","parentId":"uts_2ae717b5831b4452889a13956237e58d","modified":1689609699650,"created":1679410299181,"requestId":"req_108ac9aa89d8457bb1efd984333fadc7","name":"Falha - Criando produto com nome já registrado","code":"const response = await insomnia.send()\nconst body = JSON.parse(response.data)\n\nexpect(response.status).to.equal(409)\nexpect(body).to.be.an('object')\nexpect(body).to.have.property('message').to.equal('Product already registered.')","_type":"unit_test"},{"_id":"ut_3d4283624b844ad9b2d9ad51ef8c4854","parentId":"uts_b76a58bc006b4c6b88af229d1bb667b3","modified":1689610476204,"created":1679415695552,"requestId":"req_cedfb14d001b49efaf4b0a9dfaa892a4","name":"Sucesso - Listando todos os produtos","code":"const response = await insomnia.send()\nconst body = JSON.parse(response.data)\n\nexpect(response.status).to.equal(200)\nexpect(body).to.be.an('object')\nexpect(body).to.have.property('total').that.is.a('number').to.equal(20)\nexpect(body).to.have.property('products').that.is.a('array')\nexpect(body.products[0]).to.be.an('object')\nexpect(body.products[0]).to.have.property('expirationDate').that.is.a('string')\nexpect(body.products[0]).to.have.property('name').that.is.a('string')\nexpect(body.products[0]).to.have.property('price').that.is.a('number')\nexpect(body.products[0]).to.have.property('weight').that.is.a('number')\nexpect(body.products[0]).to.have.property('section').that.is.a('string')\nexpect(body.products[0]).to.have.property('id').that.is.a('number')\n","_type":"unit_test"},{"_id":"ut_05e683da27a54683a5e163ddbf442350","parentId":"uts_b76a58bc006b4c6b88af229d1bb667b3","modified":1689610483206,"created":1679415875078,"requestId":"req_7066fc7daae1433b98d008031f552e73","name":"Sucesso - Listando um produto alimentício pelo id","code":"const response = await insomnia.send()\nconst body = JSON.parse(response.data)\n\nexpect(response.status).to.equal(200)\nexpect(body).to.be.an('object')\nexpect(body).to.have.property('expirationDate').that.is.a('string')\nexpect(body).to.have.property('name').that.is.a('string')\nexpect(body).to.have.property('price').that.is.a('number')\nexpect(body).to.have.property('weight').that.is.a('number')\nexpect(body).to.have.property('section').that.is.a('string')\nexpect(body).to.have.property('calories').that.is.a('number')\nexpect(body).to.have.property('id').that.is.a('number')","_type":"unit_test"},{"_id":"ut_d1ac54cf4b414b2db1c916cea7fe7de0","parentId":"uts_b76a58bc006b4c6b88af229d1bb667b3","modified":1689610494022,"created":1679415983825,"requestId":"req_66e7200b8f844251a98640e63961f5b6","name":"Sucesso - Listando um produto de limpeza pelo id","code":"const response = await insomnia.send()\nconst body = JSON.parse(response.data)\n\nexpect(response.status).to.equal(200)\nexpect(body).to.be.an('object')\nexpect(body).to.have.property('expirationDate').that.is.a('string')\nexpect(body).to.have.property('name').that.is.a('string')\nexpect(body).to.have.property('price').that.is.a('number')\nexpect(body).to.have.property('weight').that.is.a('number')\nexpect(body).to.have.property('section').that.is.a('string')\nexpect(body).to.have.property('id').that.is.a('number')","_type":"unit_test"},{"_id":"ut_9aa6290086ae4141bcef964be7200987","parentId":"uts_b76a58bc006b4c6b88af229d1bb667b3","modified":1689609688513,"created":1679416000891,"requestId":"req_e6385eb96a894a6dbb8602f452f3ba03","name":"Falha - Listando um produto com um id inexistente","code":"const response = await insomnia.send()\nconst body = JSON.parse(response.data)\n\nexpect(response.status).to.equal(404)\nexpect(body).to.be.an('object')\nexpect(body).to.have.property('message').to.equal('Product not found.')","_type":"unit_test"},{"_id":"ut_d94a4b57f06a4c068e1398c804cfc539","parentId":"uts_b0359990692d44f4a763d4838f0063cc","modified":1689610594134,"created":1679416176285,"requestId":"req_7e84f9a9944c41d1a2e8b0c92bb567a0","name":"Sucesso - Atualizando um produto alimentício","code":"const response = await insomnia.send()\nconst body = JSON.parse(response.data)\n\nexpect(response.status).to.equal(200)\nexpect(body).to.be.an('object')\nexpect(body).to.have.property('name').that.is.a('string').to.be.equal('Queijo Prato')\nexpect(body).to.have.property('price').that.is.a('number').to.be.equal(220)\nexpect(body).to.have.property('weight').that.is.a('number').to.be.equal(330)\nexpect(body).to.have.property('calories').that.is.a('number').to.be.equal(4300)\nexpect(body).to.have.property('id')\nexpect(body).to.have.property('expirationDate')\nexpect(body).to.have.property('section')","_type":"unit_test"},{"_id":"ut_068f541450cc41929d8cfc4ffdb9f124","parentId":"uts_b0359990692d44f4a763d4838f0063cc","modified":1689610604450,"created":1679416699141,"requestId":"req_18308721a6594ccebfa53c18a922aa04","name":"Sucesso - Atualizando um produto de limpeza","code":"const response = await insomnia.send()\nconst body = JSON.parse(response.data)\n\nexpect(response.status).to.equal(200)\nexpect(body).to.be.an('object')\nexpect(body).to.have.property('name').that.is.a('string').to.be.equal('Detergente Neutro')\nexpect(body).to.have.property('price')\nexpect(body).to.have.property('weight')\nexpect(body).to.have.property('id')\nexpect(body).to.have.property('expirationDate')\nexpect(body).to.have.property('section')","_type":"unit_test"},{"_id":"ut_a07451056c874eb9ba4c754db2cfb634","parentId":"uts_b0359990692d44f4a763d4838f0063cc","modified":1689609720228,"created":1679416725942,"requestId":"req_1831b1d5070744988455bd4a5fe5aa97","name":"Falha - Atualizando um produto com um id inexistente","code":"const response = await insomnia.send()\nconst body = JSON.parse(response.data)\n\nexpect(response.status).to.equal(404)\nexpect(body).to.be.an('object')\nexpect(body).to.have.property('message').to.equal('Product not found.')","_type":"unit_test"},{"_id":"ut_d9c326655afe47278f6dd17c41dde043","parentId":"uts_b0359990692d44f4a763d4838f0063cc","modified":1689609733350,"created":1679416736964,"requestId":"req_7d8ebc015c6e44c6b63c6d6d88916d98","name":"Falha - Atualizando um produto com nome já registrado","code":"const response = await insomnia.send()\nconst body = JSON.parse(response.data)\n\nexpect(response.status).to.equal(409)\nexpect(body).to.be.an('object')\nexpect(body).to.have.property('message').to.equal('Product already registered.')","_type":"unit_test"},{"_id":"ut_2ce08cc9c05a4b4296dd5d95f01ff42b","parentId":"uts_c23cf9dd33304d06b6d11a45a2f60aa5","modified":1689610527245,"created":1679417771121,"requestId":"req_932f8bd10a1d4e74a3c5d88895c2204d","name":"Sucesso - Deletando produto","code":"const response = await insomnia.send();\n\nexpect(response.status).to.equal(204);","_type":"unit_test"},{"_id":"ut_5a12fac2db024d429096822ef779a9d2","parentId":"uts_c23cf9dd33304d06b6d11a45a2f60aa5","modified":1689609811264,"created":1679417780926,"requestId":"req_285ef1ee894f4ef6b3d1688353c8450e","name":"Falha - Deletando produto que já foi deletado","code":"const response = await insomnia.send();\nconst body = JSON.parse(response.data);\n\nexpect(response.status).to.equal(404);\nexpect(body).to.be.an('object')\nexpect(body).to.have.property('message').to.equal('Product not found.')","_type":"unit_test"},{"_id":"ut_7686346758a944e79d621b6803ee996b","parentId":"uts_c23cf9dd33304d06b6d11a45a2f60aa5","modified":1689609814791,"created":1679417795047,"requestId":"req_8f9e323c6def4b6a983007008cdadca6","name":"Falha - Deletando produto com id inexistente","code":"const response = await insomnia.send();\nconst body = JSON.parse(response.data);\n\nexpect(response.status).to.equal(404);\nexpect(body).to.be.an('object')\nexpect(body).to.have.property('message').to.equal('Product not found.')","_type":"unit_test"},{"_id":"ut_99b2a7ba65a646d5a20f5ced249e12ce","parentId":"uts_6d14e3364e3647b6a4691e0b4b3a6d4c","modified":1689771189075,"created":1679419803615,"requestId":"req_322dd3fb399c4de184f66cba50b41cc1","name":"Sucesso - Criando produto alimentício","code":"const response = await insomnia.send()\nconst body = JSON.parse(response.data)\n\nexpect(response.status).to.equal(201)\nexpect(body).to.be.an('object')\nexpect(body).to.have.property('expirationDate').that.is.a('string').to.include('2024')\nexpect(body).to.have.property('name').that.is.a('string')\nexpect(body).to.have.property('price').that.is.a('number')\nexpect(body).to.have.property('weight').that.is.a('number')\nexpect(body).to.have.property('section').that.is.a('string')\nexpect(body).to.have.property('calories').that.is.a('number')\nexpect(body).to.have.property('id').that.is.a('number')","_type":"unit_test"},{"_id":"ut_e8eab68d0cb54005aedecaf8659fa003","parentId":"uts_6d14e3364e3647b6a4691e0b4b3a6d4c","modified":1689771191826,"created":1679419921691,"requestId":"req_a8de443d3c054de19ae49c1d203c1625","name":"Sucesso - Criando produto de limpeza","code":"const response = await insomnia.send()\nconst body = JSON.parse(response.data)\n\nexpect(response.status).to.equal(201)\nexpect(body).to.be.an('object')\nexpect(body).to.have.property('expirationDate').that.is.a('string').to.include('2024')\nexpect(body).to.have.property('name').that.is.a('string')\nexpect(body).to.have.property('price').that.is.a('number')\nexpect(body).to.have.property('weight').that.is.a('number')\nexpect(body).to.have.property('section').that.is.a('string')\nexpect(body).to.not.have.property('calories').that.is.a('number')\nexpect(body).to.have.property('id').that.is.a('number')\n","_type":"unit_test"},{"_id":"ut_2dffdadc53144dc9952003081b32de0d","parentId":"uts_6d14e3364e3647b6a4691e0b4b3a6d4c","modified":1689610756647,"created":1679419997744,"requestId":"req_108ac9aa89d8457bb1efd984333fadc7","name":"Falha - Criando produto com nome já registrado","code":"const response = await insomnia.send()\nconst body = JSON.parse(response.data)\n\nexpect(response.status).to.equal(409)\nexpect(body).to.be.an('object')\nexpect(body).to.have.property('message').to.equal('Product already registered.')","_type":"unit_test"},{"_id":"ut_abbd210b286d4bc3a1fcd295ba0942fa","parentId":"uts_6d14e3364e3647b6a4691e0b4b3a6d4c","modified":1689610807287,"created":1679420045126,"requestId":"req_cedfb14d001b49efaf4b0a9dfaa892a4","name":"Sucesso - Listando todos os produtos","code":"const response = await insomnia.send()\nconst body = JSON.parse(response.data)\n\nexpect(response.status).to.equal(200)\nexpect(body).to.be.an('object')\nexpect(body).to.have.property('total').that.is.a('number').to.equal(20)\nexpect(body).to.have.property('products').that.is.a('array')\nexpect(body.products[0]).to.be.an('object')\nexpect(body.products[0]).to.have.property('expirationDate').that.is.a('string')\nexpect(body.products[0]).to.have.property('name').that.is.a('string')\nexpect(body.products[0]).to.have.property('price').that.is.a('number')\nexpect(body.products[0]).to.have.property('weight').that.is.a('number')\nexpect(body.products[0]).to.have.property('section').that.is.a('string')\nexpect(body.products[0]).to.have.property('id').that.is.a('number')\n","_type":"unit_test"},{"_id":"ut_c300a1b0967f4858a626dddc1afc8c6d","parentId":"uts_6d14e3364e3647b6a4691e0b4b3a6d4c","modified":1689610800764,"created":1679420084120,"requestId":"req_7066fc7daae1433b98d008031f552e73","name":"Sucesso - Listando um produto alimentício pelo id","code":"const response = await insomnia.send()\nconst body = JSON.parse(response.data)\n\nexpect(response.status).to.equal(200)\nexpect(body).to.be.an('object')\nexpect(body).to.have.property('expirationDate').that.is.a('string')\nexpect(body).to.have.property('name').that.is.a('string')\nexpect(body).to.have.property('price').that.is.a('number')\nexpect(body).to.have.property('weight').that.is.a('number')\nexpect(body).to.have.property('section').that.is.a('string')\nexpect(body).to.have.property('calories').that.is.a('number')\nexpect(body).to.have.property('id').that.is.a('number')","_type":"unit_test"},{"_id":"ut_ae257638cf044c689d3b923b5e89af3a","parentId":"uts_6d14e3364e3647b6a4691e0b4b3a6d4c","modified":1689610843568,"created":1679420117640,"requestId":"req_66e7200b8f844251a98640e63961f5b6","name":"Sucesso - Listando um produto de limpeza pelo id","code":"const response = await insomnia.send()\nconst body = JSON.parse(response.data)\n\nexpect(response.status).to.equal(200)\nexpect(body).to.be.an('object')\nexpect(body).to.have.property('expirationDate').that.is.a('string')\nexpect(body).to.have.property('name').that.is.a('string')\nexpect(body).to.have.property('price').that.is.a('number')\nexpect(body).to.have.property('weight').that.is.a('number')\nexpect(body).to.have.property('section').that.is.a('string')\nexpect(body).to.have.property('id').that.is.a('number')","_type":"unit_test"},{"_id":"ut_2b5b35b73ac44fe38cf64fe2f9110592","parentId":"uts_6d14e3364e3647b6a4691e0b4b3a6d4c","modified":1689610859683,"created":1679420153469,"requestId":"req_e6385eb96a894a6dbb8602f452f3ba03","name":"Falha - Listando um produto com um id inexistente","code":"const response = await insomnia.send()\nconst body = JSON.parse(response.data)\n\nexpect(response.status).to.equal(404)\nexpect(body).to.be.an('object')\nexpect(body).to.have.property('message').to.equal('Product not found.')","_type":"unit_test"},{"_id":"ut_c6b41785883f43f894ca401c3b2256d6","parentId":"uts_6d14e3364e3647b6a4691e0b4b3a6d4c","modified":1689610907962,"created":1679420201968,"requestId":"req_7e84f9a9944c41d1a2e8b0c92bb567a0","name":"Sucesso - Atualizando um produto alimentício","code":"const response = await insomnia.send()\nconst body = JSON.parse(response.data)\n\nexpect(response.status).to.equal(200)\nexpect(body).to.be.an('object')\nexpect(body).to.have.property('name').that.is.a('string').to.be.equal('Queijo Prato')\nexpect(body).to.have.property('price').that.is.a('number').to.be.equal(220)\nexpect(body).to.have.property('weight').that.is.a('number').to.be.equal(330)\nexpect(body).to.have.property('calories').that.is.a('number').to.be.equal(4300)\nexpect(body).to.have.property('id')\nexpect(body).to.have.property('expirationDate')\nexpect(body).to.have.property('section')","_type":"unit_test"},{"_id":"ut_8eee8402643a44ef8e8e3770e6b82252","parentId":"uts_6d14e3364e3647b6a4691e0b4b3a6d4c","modified":1689610928804,"created":1679420278506,"requestId":"req_18308721a6594ccebfa53c18a922aa04","name":"Sucesso - Atualizando um produto de limpeza","code":"const response = await insomnia.send()\nconst body = JSON.parse(response.data)\n\nexpect(response.status).to.equal(200)\nexpect(body).to.be.an('object')\nexpect(body).to.have.property('name').that.is.a('string').to.be.equal('Detergente Neutro')\nexpect(body).to.have.property('price')\nexpect(body).to.have.property('weight')\nexpect(body).to.have.property('id')\nexpect(body).to.have.property('expirationDate')\nexpect(body).to.have.property('section')","_type":"unit_test"},{"_id":"ut_3c747e0383584febbfbbdeecf4c16ed0","parentId":"uts_6d14e3364e3647b6a4691e0b4b3a6d4c","modified":1689610959722,"created":1679420366474,"requestId":"req_1831b1d5070744988455bd4a5fe5aa97","name":"Falha - Atualizando um produto com um id inexistente","code":"const response = await insomnia.send()\nconst body = JSON.parse(response.data)\n\nexpect(response.status).to.equal(404)\nexpect(body).to.be.an('object')\nexpect(body).to.have.property('message').to.equal('Product not found.')","_type":"unit_test"},{"_id":"ut_183d86b925344948937ba371fc7d1f00","parentId":"uts_6d14e3364e3647b6a4691e0b4b3a6d4c","modified":1689610978974,"created":1679420398038,"requestId":"req_7d8ebc015c6e44c6b63c6d6d88916d98","name":"Falha - Atualizando um produto com nome já registrado","code":"const response = await insomnia.send()\nconst body = JSON.parse(response.data)\n\nexpect(response.status).to.equal(409)\nexpect(body).to.be.an('object')\nexpect(body).to.have.property('message').to.equal('Product already registered.')","_type":"unit_test"},{"_id":"ut_205e6eab9e854a289349ed978bc03361","parentId":"uts_6d14e3364e3647b6a4691e0b4b3a6d4c","modified":1689611004258,"created":1679420435416,"requestId":"req_932f8bd10a1d4e74a3c5d88895c2204d","name":"Sucesso - Deletando produto","code":"const response = await insomnia.send()\n\nexpect(response.status).to.equal(204)","_type":"unit_test"},{"_id":"ut_4e1a94146b364a1fb700d0027297b00b","parentId":"uts_6d14e3364e3647b6a4691e0b4b3a6d4c","modified":1689611000522,"created":1679420468804,"requestId":"req_285ef1ee894f4ef6b3d1688353c8450e","name":"Falha - Deletando produto que já foi deletado","code":"const response = await insomnia.send()\nconst body = JSON.parse(response.data)\n\nexpect(response.status).to.equal(404)\nexpect(body).to.be.an('object')\nexpect(body).to.have.property('message')","_type":"unit_test"},{"_id":"ut_ab284ed15d1046e6abfabdcc1a854fae","parentId":"uts_6d14e3364e3647b6a4691e0b4b3a6d4c","modified":1689611018375,"created":1679420509735,"requestId":"req_8f9e323c6def4b6a983007008cdadca6","name":"Falha - Deletando produto com id inexistente","code":"const response = await insomnia.send()\nconst body = JSON.parse(response.data)\n\nexpect(response.status).to.equal(404)\nexpect(body).to.be.an('object')\nexpect(body).to.have.property('message')","_type":"unit_test"}]}