{
    "openapi": "3.0.3",
    "info": {
        "title": "📚Note Wave API 📚",
        "description": "Note Wave API para gerenciamento de notas",
        "version": "1.0.0"
    },
    "servers": [
        {
            "url": "http://localhost:3010",
            "description": "Servidor de desenvolvimento"
        },
        {
            "url": "https://notion-clone-8n54.onrender.com",
            "description": "Servidor de produção"
        }
    ],
    "externalDocs": {
        "description": "Documentação adicional",
        "url": "https://example.com/documentation"
    },
    "paths": {
        "/notes": {
            "get": {
                "summary": "Listar todas as notas",
                "responses": {
                    "200": {
                        "description": "Operação bem-sucedida"
                    },
                    "500": {
                        "description": "Erro interno no servidor"
                    }
                }
            },
            "post": {
                "summary": "Criar uma nova nota",
                "responses": {
                    "201": {
                        "description": "Nota criada com sucesso"
                    },
                    "400": {
                        "description": "Dados inválidos fornecidos"
                    }
                }
            }
        },
        "/notes/{id}": {
            "get": {
                "summary": "Obter nota por ID",
                "responses": {
                    "200": {
                        "description": "Operação bem-sucedida"
                    },
                    "404": {
                        "description": "Nota não encontrada"
                    }
                }
            },
            "put": {
                "summary": "Atualizar nota",
                "responses": {
                    "200": {
                        "description": "Nota atualizada com sucesso"
                    },
                    "400": {
                        "description": "Dados inválidos fornecidos"
                    }
                }
            },
            "delete": {
                "summary": "Deletar nota",
                "responses": {
                    "200": {
                        "description": "Nota deletada com sucesso"
                    },
                    "404": {
                        "description": "Nota não encontrada"
                    }
                }
            }
        },
        "/pages": {
            "post": {
                "summary": "Criar página",
                "responses": {
                    "201": {
                        "description": "Página criada com sucesso"
                    }
                }
            }
        },
        "/pages/{id}": {
            "get": {
                "summary": "Obter página por ID",
                "responses": {
                    "200": {
                        "description": "Operação bem-sucedida"
                    }
                }
            },
            "put": {
                "summary": "Atualizar página",
                "responses": {
                    "200": {
                        "description": "Página atualizada com sucesso"
                    }
                }
            },
            "delete": {
                "summary": "Deletar página",
                "responses": {
                    "200": {
                        "description": "Página deletada com sucesso"
                    }
                }
            }
        }
    },
    "components": {
        "schemas": {
            "Note": {
                "type": "object",
                "properties": {
                    "id": {
                        "type": "integer"
                    },
                    "title": {
                        "type": "string"
                    },
                    "content": {
                        "type": "string"
                    }
                }
            },
            "Page": {
                "type": "object",
                "properties": {
                    "id": {
                        "type": "string"
                    },
                    "title": {
                        "type": "string"
                    }
                }
            }
        },
        "responses": {
            "ServerError": {
                "description": "Erro interno no servidor",
                "content": {
                    "application/json": {
                        "example": {
                            "message": "Erro interno no servidor"
                        }
                    }
                }
            },
            "BadRequest": {
                "description": "Dados inválidos fornecidos",
                "content": {
                    "application/json": {
                        "example": {
                            "message": "Dados inválidos fornecidos"
                        }
                    }
                }
            },
            "NotFound": {
                "description": "Registro não encontrado",
                "content": {
                    "application/json": {
                        "example": {
                            "message": "Registro não encontrado"
                        }
                    }
                }
            }
        }
    },
    "tags": [
        {
            "name": "Notas",
            "description": "Operações relacionadas a notas"
        },
        {
            "name": "Páginas",
            "description": "Operações relacionadas a páginas"
        }
    ],
    "security": [
        {
            "BearerAuth": []
        }
    ]
}
